category,measure,change_type,score_type
blood_pressure,systolic,percent,dominent
blood_pressure,diastolic,percent,dominent
bmi,height,absolute,not scored
bmi,weight,absolute,not scored
bmi,bmi,absolute,unchanged
ldl,ldl,percent,not scored
ldl,ldl_target,percent,not scored
ldl,ldl_ratio,percent,unchanged
hba1c,hba1c,percent,unchanged
bmd,bmd_decrease,absolute,sum
bmd,fracture,absolute,sum
bmd,necrosis,absolute,sum
bmd,tendon_rupture,absolute,sum
steroid_myopathy,myopathy_severity,absolute,unchanged
skin_toxicity,hirsutism,absolute,sum
skin_toxicity,acneiform_rash,absolute,sum
skin_toxicity,atrophy_striae,absolute,sum
skin_toxicity,erosion_tear_ulceration,absolute,sum
skin_toxicity,easy_bruising,absolute,sum
neuropsychiatric,insomnia,absolute,sum
neuropsychiatric,mania,absolute,sum
neuropsychiatric,cognitive_impairment,absolute,sum
neuropsychiatric,depression,absolute,sum
neuropsychiatric,psychosis,absolute,sum
neuropsychiatric,steroid_violence,absolute,sum
infections,grade_3_4_infection,absolute,sum
infections,zoster,absolute,sum
infections,candidiasis,absolute,sum
medications,lipid_intent,absolute,not scored
medications,bp_intent,absolute,not scored
medications,glucose_intent,absolute,not scored
bp_events,hypertensive_emergency,absolute,worst
bp_events,bp_pres,absolute,worst
diabetes,diabetic_neph,absolute,sum
diabetes,diabetic_neur,absolute,sum
diabetes,diabetic_ret,absolute,sum
growth,growth,absolute,unchanged
ocular,ocular_pressure,absolute,sum
ocular,retinopathy,absolute,sum
ocular,cataract,absolute,sum
gastrointestinal,gi_perforation,absolute,sum
gastrointestinal,peptic_ulcer,absolute,sum
adrenal,adrenal_insufficiency,absolute,unchanged