category,measure,current min,current max,events,score
blood_pressure,systolic,-1000,120,1000,0
blood_pressure,systolic,120,1000,1000,1
blood_pressure,diastolic,-1000,85,1000,0
blood_pressure,diastolic,85,1000,1000,1
bmi,bmi,0,27,1000,0
bmi,bmi,27,30,1000,21
bmi,bmi,30,1000,1000,36
hba1c,hba1c,-1000,5.7,1000,0
hba1c,hba1c,5.7,1000,1000,1
ldl,ldl_ratio,0,1,1000,0
ldl,ldl_ratio,1,1000,1000,1
bmd,bmd_decrease,0,1,1000,0
bmd,bmd_decrease,1,2,1000,29
bmd,fracture,0,1,1000,0
bmd,fracture,1,2,1000,29
bmd,fracture,2,1000,1000,58
bmd,necrosis,0,1,1000,0
bmd,necrosis,1,2,1000,29
bmd,necrosis,2,1000,1000,58
bmd,tendon_rupture,0,1,1000,0
bmd,tendon_rupture,1,2,1000,29
bmd,tendon_rupture,2,1000,1000,58
steroid_myopathy,myopathy_severity,0,1,1000,0
steroid_myopathy,myopathy_severity,1,2,1000,9
steroid_myopathy,myopathy_severity,2,3,1000,63
steroid_myopathy,myopathy_severity,3,4,1000,63
skin_toxicity,easy_bruising,0,1,1000,0
skin_toxicity,easy_bruising,1,2,1000,8
skin_toxicity,easy_bruising,2,3,1000,26
skin_toxicity,hirsutism,0,1,1000,0
skin_toxicity,hirsutism,1,2,1000,8
skin_toxicity,hirsutism,2,3,1000,26
skin_toxicity,acneiform_rash,0,1,1000,0
skin_toxicity,acneiform_rash,1,2,1000,26
skin_toxicity,acneiform_rash,2,3,1000,26
skin_toxicity,acneiform_rash,3,4,1000,26
skin_toxicity,acneiform_rash,4,5,1000,26
skin_toxicity,atrophy_striae,0,1,1000,0
skin_toxicity,atrophy_striae,1,2,1000,8
skin_toxicity,atrophy_striae,2,3,1000,26
skin_toxicity,atrophy_striae,3,4,1000,26
skin_toxicity,erosion_tear_ulceration,0,1,1000,0
skin_toxicity,erosion_tear_ulceration,1,2,1000,8
skin_toxicity,erosion_tear_ulceration,2,3,1000,26
skin_toxicity,erosion_tear_ulceration,3,4,1000,26
neuropsychiatric,insomnia,0,1,1000,0
neuropsychiatric,insomnia,1,2,1000,11
neuropsychiatric,insomnia,2,3,1000,74
neuropsychiatric,mania,0,1,1000,0
neuropsychiatric,mania,1,2,1000,11
neuropsychiatric,mania,2,3,1000,74
neuropsychiatric,mania,3,4,1000,74
neuropsychiatric,depression,0,1,1000,0
neuropsychiatric,depression,1,2,1000,11
neuropsychiatric,depression,2,3,1000,74
neuropsychiatric,depression,3,4,1000,74
neuropsychiatric,cognitive_impairment,0,1,1000,0
neuropsychiatric,cognitive_impairment,1,2,1000,11
neuropsychiatric,cognitive_impairment,2,3,1000,74
neuropsychiatric,cognitive_impairment,3,4,1000,74
neuropsychiatric,psychosis,0,1,1000,0
neuropsychiatric,psychosis,1,2,1000,74
neuropsychiatric,steroid_violence,0,1,1000,0
neuropsychiatric,steroid_violence,1,2,1000,74
infections,candidiasis,1,1000,1000,19
infections,candidiasis,-1000,1,1000,0
infections,zoster,-1000,1,1000,0
infections,zoster,1,1000,1000,19
infections,grade_3_4_infection,-1000,1,1000,0
infections,grade_3_4_infection,1,2,1000,93
infections,grade_3_4_infection,2,1000,1000,186
ocular,cataract,0,1,1000,0
ocular,cataract,1,2,1000,33
ocular,ocular_pressure,0,1,1000,0
ocular,ocular_pressure,1,2,1000,33
ocular,retinopathy,0,1,1000,0
ocular,retinopathy,1,2,1000,33
gastrointestinal,peptic_ulcer,0,1,1000,0
gastrointestinal,peptic_ulcer,1,2,1000,33
gastrointestinal,gi_perforation,0,1,1000,0
gastrointestinal,gi_perforation,1,2,1000,33
adrenal,adrenal_insufficiency,0,1,1000,0
adrenal,adrenal_insufficiency,1,2,1000,33
diabetes,diabetic_neur,0,1,1000,0
diabetes,diabetic_neur,1,2,1000,44
diabetes,diabetic_neph,0,1,1000,0
diabetes,diabetic_neph,1,2,1000,44
diabetes,diabetic_ret,0,1,1000,0
diabetes,diabetic_ret,1,2,1000,44
bp_events,bp_pres,0,1,1000,0
bp_events,bp_pres,1,2,1000,44
bp_events,hypertensive_emergency,0,1,1000,0
bp_events,hypertensive_emergency,1,2,1000,44