category,measure,change_type,score_type
blood_pressure,systolic,percent,dominent
blood_pressure,diastolic,percent,dominent
bmi,height,absolute,not scored
bmi,weight,absolute,not scored
bmi,bmi,absolute,unchanged
ldl,ldl,percent,not scored
ldl,ldl_target,percent,not scored
ldl,ldl_ratio,percent,unchanged
hba1c,hba1c,percent,unchanged
events,hypertensive_emergency,absolute,not scored
events,bp_pres,absolute,not scored
medications,lipid_intent,absolute,not scored
medications,bp_intent,absolute,not scored
medications,glucose_intent,absolute,not scored