category,measure,change_type,score_type
blood_pressure,systolic,percent,dominent
blood_pressure,diastolic,percent,dominent
bmi,height,absolute,not scored
bmi,weight,absolute,not scored
bmi,bmi,absolute,unchanged
ldl,ldl,percent,unchanged
hba1c,hba1c,percent,unchanged
bmd,femoral,percent,dominent
bmd,lumbosacral,percent,dominent
steroid_myopathy,myopathy_severity,absolute,unchanged
skin_toxicity,hirsutism,absolute,extremes
skin_toxicity,acneiform_rash,absolute,extremes
skin_toxicity,atrophy_striae,absolute,extremes
skin_toxicity,erosion_tear_ulceration,absolute,extremes
skin_toxicity,easy_bruising,absolute,extremes
neuropsychiatric,sleep_disturbance,absolute,extremes
neuropsychiatric,mania,absolute,extremes
neuropsychiatric,cognitive_impairment,absolute,extremes
neuropsychiatric,mood,absolute,extremes
neuropsychiatric,psychosis,absolute,extremes
neuropsychiatric,steroid_violence,absolute,extremes
infections,grade_3_infection,absolute,worst
infections,grade_4_infection,absolute,worst
infections,grade_5_infection,absolute,worst
infections,zoster,absolute,worst
infections,candidiasis,absolute,worst
medications,lipid_intent,absolute,not scored
medications,bp_intent,absolute,not scored
medications,glucose_intent,absolute,not scored
events,hypertensive_emergency,absolute,not scored
events,bp_pres,absolute,not scored
growth,growth,absolute,unchanged