category,measure,baseline min,baseline max,current min,current max,change min,change max,events,score
blood pressure,systolic,-1000,1000,-1000,1000,-1000,1000,1000,0
bmi,bmi,24.9,1000,-1000,1000,-1000,-5,1000,-52
bmi,bmi,24.9,1000,-1000,1000,-5,-2,1000,-21
bmi,bmi,-1000,1000,-1000,1000,-2,2,1000,0
bmi,bmi,18.5,24.9,18.5,24.9,-1000,1000,1000,0
bmi,bmi,-1000,1000,24.9,1000,2,5,1000,21
bmi,bmi,-1000,1000,24.9,1000,5,1000,1000,52
hba1c,hba1c,5.7,1000,-1000,1000,-1000,-0.1,1000,-1
hba1c,hba1c,-1000,1000,-1000,1000,-0.1,0.1,1000,0
hba1c,hba1c,-1000,5.7,-1000,5.7,-1000,1000,1000,0
hba1c,hba1c,-1000,1000,5.7,1000,0.1,1000,1000,1
ldl,ldl,-1000,1000,-1000,1000,-1000,1000,1000,0
steroid_myopathy,myopathy_severity,2,3,0,1,-2,1000,1000,-41
steroid_myopathy,myopathy_severity,3,4,0,1,-3,1000,1000,-41
steroid_myopathy,myopathy_severity,2,3,1,2,-1,1000,1000,-29
steroid_myopathy,myopathy_severity,3,4,1,2,-2,1000,1000,-29
steroid_myopathy,myopathy_severity,1,2,0,1,-1,1000,1000,-12
steroid_myopathy,myopathy_severity,1,2,1,2,0,1000,1000,0
steroid_myopathy,myopathy_severity,2,3,2,3,0,1000,1000,0
steroid_myopathy,myopathy_severity,3,4,3,4,0,1000,1000,0
steroid_myopathy,myopathy_severity,0,1,0,1,0,1000,1000,0
steroid_myopathy,myopathy_severity,2,3,3,4,1,1000,1000,0
steroid_myopathy,myopathy_severity,3,4,2,3,-1,1000,1000,0
steroid_myopathy,myopathy_severity,0,1,1,2,1,1000,1000,12
steroid_myopathy,myopathy_severity,1,2,2,3,1,1000,1000,29
steroid_myopathy,myopathy_severity,1,2,3,4,2,1000,1000,29
steroid_myopathy,myopathy_severity,0,1,2,3,2,1000,1000,41
steroid_myopathy,myopathy_severity,0,1,3,4,3,1000,1000,41
skin_toxicity,hirsutism,2,3,0,1,-2,1000,1000,-16
skin_toxicity,hirsutism,3,4,0,1,-3,1000,1000,-16
skin_toxicity,hirsutism,2,3,1,2,-1,1000,1000,-11
skin_toxicity,hirsutism,3,4,1,2,-2,1000,1000,-11
skin_toxicity,hirsutism,1,2,0,1,-1,1000,1000,-5
skin_toxicity,hirsutism,1,2,1,2,0,1000,1000,0
skin_toxicity,hirsutism,2,3,2,3,0,1000,1000,0
skin_toxicity,hirsutism,3,4,3,4,0,1000,1000,0
skin_toxicity,hirsutism,0,1,0,1,0,1000,1000,0
skin_toxicity,hirsutism,0,1,1,2,1,1000,1000,5
skin_toxicity,hirsutism,1,2,2,3,1,1000,1000,11
skin_toxicity,hirsutism,1,2,3,4,2,1000,1000,11
skin_toxicity,hirsutism,0,1,2,3,2,1000,1000,16
skin_toxicity,hirsutism,0,1,3,4,3,1000,1000,16
skin_toxicity,acneiform_rash,4,5,0,1,-4,1000,1000,-12
skin_toxicity,acneiform_rash,3,4,0,1,-3,1000,1000,-12
skin_toxicity,acneiform_rash,3,4,1,2,-2,1000,1000,-8
skin_toxicity,acneiform_rash,4,5,1,2,-3,1000,1000,-8
skin_toxicity,acneiform_rash,3,4,2,3,-1,1000,1000,-8
skin_toxicity,acneiform_rash,4,5,2,3,-2,1000,1000,-8
skin_toxicity,acneiform_rash,1,2,0,1,-1,1000,1000,-4
skin_toxicity,acneiform_rash,2,3,0,1,-2,1000,1000,-4
skin_toxicity,acneiform_rash,1,3,1,3,-1,1000,1000,0
skin_toxicity,acneiform_rash,2,3,2,3,0,1000,1000,0
skin_toxicity,acneiform_rash,3,4,3,4,0,1000,1000,0
skin_toxicity,acneiform_rash,4,5,4,5,0,1000,1000,0
skin_toxicity,acneiform_rash,0,1,0,1,0,1000,1000,0
skin_toxicity,acneiform_rash,3,4,4,5,1,1000,1000,0
skin_toxicity,acneiform_rash,4,5,3,4,-1,1000,1000,0
skin_toxicity,acneiform_rash,0,1,1,2,1,1000,1000,4
skin_toxicity,acneiform_rash,0,1,2,3,2,1000,1000,4
skin_toxicity,acneiform_rash,1,2,3,4,1,1000,1000,8
skin_toxicity,acneiform_rash,1,2,4,5,2,1000,1000,8
skin_toxicity,acneiform_rash,2,3,3,4,1,1000,1000,8
skin_toxicity,acneiform_rash,2,3,4,5,2,1000,1000,8
skin_toxicity,acneiform_rash,0,1,3,4,2,1000,1000,12
skin_toxicity,acneiform_rash,0,1,4,5,3,1000,1000,12
skin_toxicity,atrophy_striae,2,3,0,1,-2,1000,1000,-33
skin_toxicity,atrophy_striae,3,4,0,1,-3,1000,1000,-33
skin_toxicity,atrophy_striae,2,3,1,2,-1,1000,1000,-23
skin_toxicity,atrophy_striae,3,4,1,2,-2,1000,1000,-23
skin_toxicity,atrophy_striae,1,2,0,1,-1,1000,1000,-10
skin_toxicity,atrophy_striae,1,2,1,2,0,1000,1000,0
skin_toxicity,atrophy_striae,2,3,2,3,0,1000,1000,0
skin_toxicity,atrophy_striae,3,4,3,4,0,1000,1000,0
skin_toxicity,atrophy_striae,0,1,0,1,0,1000,1000,0
skin_toxicity,atrophy_striae,2,3,3,4,1,1000,1000,0
skin_toxicity,atrophy_striae,3,4,2,3,-1,1000,1000,0
skin_toxicity,atrophy_striae,0,1,1,2,1,1000,1000,10
skin_toxicity,atrophy_striae,1,2,2,3,1,1000,1000,23
skin_toxicity,atrophy_striae,1,2,3,4,2,1000,1000,23
skin_toxicity,atrophy_striae,0,1,2,3,2,1000,1000,33
skin_toxicity,atrophy_striae,0,1,3,4,3,1000,1000,33
skin_toxicity,easy_bruising,2,3,0,1,-2,1000,1000,-11
skin_toxicity,easy_bruising,3,4,0,1,-3,1000,1000,-11
skin_toxicity,easy_bruising,2,3,1,2,-1,1000,1000,-9
skin_toxicity,easy_bruising,3,4,1,2,-2,1000,1000,-9
skin_toxicity,easy_bruising,1,2,0,1,-1,1000,1000,-2
skin_toxicity,easy_bruising,1,2,1,2,0,1000,1000,0
skin_toxicity,easy_bruising,2,3,2,3,0,1000,1000,0
skin_toxicity,easy_bruising,3,4,3,4,0,1000,1000,0
skin_toxicity,easy_bruising,0,1,0,1,0,1000,1000,0
skin_toxicity,easy_bruising,0,1,1,2,1,1000,1000,2
skin_toxicity,easy_bruising,1,2,2,3,1,1000,1000,9
skin_toxicity,easy_bruising,1,2,3,4,2,1000,1000,9
skin_toxicity,easy_bruising,0,1,2,3,2,1000,1000,11
skin_toxicity,easy_bruising,0,1,3,4,3,1000,1000,11
neuropsychiatric,sleep_disturbance,2,3,0,1,-2,1000,1000,-13
neuropsychiatric,sleep_disturbance,3,4,0,1,-3,1000,1000,-13
neuropsychiatric,sleep_disturbance,2,3,1,2,-1,1000,1000,-8
neuropsychiatric,sleep_disturbance,3,4,1,2,-2,1000,1000,-8
neuropsychiatric,sleep_disturbance,1,2,0,1,-1,1000,1000,-5
neuropsychiatric,sleep_disturbance,1,2,1,2,0,1000,1000,0
neuropsychiatric,sleep_disturbance,2,3,2,3,0,1000,1000,0
neuropsychiatric,sleep_disturbance,3,4,3,4,0,1000,1000,0
neuropsychiatric,sleep_disturbance,0,1,0,1,0,1000,1000,0
neuropsychiatric,sleep_disturbance,2,3,3,4,1,1000,1000,0
neuropsychiatric,sleep_disturbance,3,4,2,3,-1,1000,1000,0
neuropsychiatric,sleep_disturbance,0,1,1,2,1,1000,1000,5
neuropsychiatric,sleep_disturbance,1,2,2,3,1,1000,1000,8
neuropsychiatric,sleep_disturbance,1,2,3,4,2,1000,1000,8
neuropsychiatric,sleep_disturbance,0,1,2,3,2,1000,1000,13
neuropsychiatric,sleep_disturbance,0,1,3,4,3,1000,1000,13
neuropsychiatric,cognitive_impairment,2,3,0,1,-2,1000,1000,-20
neuropsychiatric,cognitive_impairment,3,4,0,1,-3,1000,1000,-20
neuropsychiatric,cognitive_impairment,2,3,1,2,-1,1000,1000,-11
neuropsychiatric,cognitive_impairment,3,4,1,2,-2,1000,1000,-11
neuropsychiatric,cognitive_impairment,1,2,0,1,-1,1000,1000,-9
neuropsychiatric,cognitive_impairment,1,2,1,2,0,1000,1000,0
neuropsychiatric,cognitive_impairment,2,3,2,3,0,1000,1000,0
neuropsychiatric,cognitive_impairment,3,4,3,4,0,1000,1000,0
neuropsychiatric,cognitive_impairment,2,3,3,4,1,1000,1000,0
neuropsychiatric,cognitive_impairment,3,4,2,3,-1,1000,1000,0
neuropsychiatric,cognitive_impairment,0,1,0,1,0,1000,1000,0
neuropsychiatric,cognitive_impairment,0,1,1,2,1,1000,1000,9
neuropsychiatric,cognitive_impairment,1,2,2,3,1,1000,1000,11
neuropsychiatric,cognitive_impairment,1,2,3,4,2,1000,1000,11
neuropsychiatric,cognitive_impairment,0,1,2,3,2,1000,1000,20
neuropsychiatric,cognitive_impairment,0,1,3,4,3,1000,1000,20
neuropsychiatric,mood,2,3,0,1,-2,1000,1000,-26
neuropsychiatric,mood,3,4,0,1,-3,1000,1000,-26
neuropsychiatric,mood,2,3,1,2,-1,1000,1000,-15
neuropsychiatric,mood,3,4,1,2,-2,1000,1000,-15
neuropsychiatric,mood,1,2,0,1,-1,1000,1000,-11
neuropsychiatric,mood,1,2,1,2,0,1000,1000,0
neuropsychiatric,mood,2,3,2,3,0,1000,1000,0
neuropsychiatric,mood,3,4,3,4,0,1000,1000,0
neuropsychiatric,mood,0,1,0,1,0,1000,1000,0
neuropsychiatric,mood,2,3,3,4,1,1000,1000,0
neuropsychiatric,mood,3,4,2,3,-1,1000,1000,0
neuropsychiatric,mood,0,1,1,2,1,1000,1000,11
neuropsychiatric,mood,1,2,2,3,1,1000,1000,15
neuropsychiatric,mood,1,2,3,4,2,1000,1000,15
neuropsychiatric,mood,0,1,2,3,2,1000,1000,26
neuropsychiatric,mood,0,1,3,4,3,1000,1000,26
neuropsychiatric,psychosis,-1000,1000,-1000,1000,-1,0,1000,-26
neuropsychiatric,psychosis,-1000,1000,-1000,1000,0,1,1000,0
neuropsychiatric,psychosis,-1000,1000,-1000,1000,1,1000,1000,26
neuropsychiatric,steroid_violence,-1000,1000,-1000,1000,-1,0,1000,-26
neuropsychiatric,steroid_violence,-1000,1000,-1000,1000,0,1,1000,0
neuropsychiatric,steroid_violence,-1000,1000,-1000,1000,1,1000,1000,26
infections,candidiasis,-1000,1000,1,1000,-1000,1000,1000,14
infections,zoster,-1000,1000,1,3,-1000,1000,1000,14
infections,zoster,-1000,1000,3,6,-1000,1000,1000,48
infections,grade_3_infection,-1000,1000,1,1000,-1000,1000,1000,48
infections,grade_4_infection,-1000,1000,1,1000,-1000,1000,1000,48
infections,grade_5_infection,-1000,1000,1,1000,-1000,1000,1000,48
infections,grade_3_infection,-1000,1000,-1000,1,-1000,1000,1000,0
infections,grade_4_infection,-1000,1000,-1000,1,-1000,1000,1000,0
infections,grade_5_infection,-1000,1000,-1000,1,-1000,1000,1000,0
infections,zoster,0,1,0,1,0,1000,1000,0
infections,candidiasis,-1000,1000,-1000,1,-1000,1000,1000,0
growth,growth,-1000,1000,-1000,1000,0.5,1000,1000,-49
growth,growth,-1000,1000,-1000,1000,-0.5,0.5,1000,0
growth,growth,-1000,1000,-1000,1000,-1000,-0.5,1000,49