category,measure,baseline min,baseline max,current min,current max,change min,change max,events,score
blood_pressure,systolic,-1000,1000,-1000,1000,-1000,1000,1000,0
blood_pressure,diastolic,-1000,1000,-1000,1000,-1000,1000,1000,0
bmi,bmi,24.9,1000,-1000,1000,-1000,-5,1000,-36
bmi,bmi,24.9,1000,-1000,1000,-5,-2,1000,-21
bmi,bmi,-1000,1000,-1000,1000,-2,2,1000,0
bmi,bmi,18.5,24.9,18.5,24.9,-1000,1000,1000,0
bmi,bmi,-1000,24.9,-1000,24.9,-1000,1000,1000,0
bmi,bmi,-1000,1000,24.9,1000,2,5,1000,21
bmi,bmi,-1000,1000,24.9,1000,5,1000,1000,36
hba1c,hba1c,-1000,1000,-1000,1000,-1000,-0.1,1000,-1
hba1c,hba1c,-1000,1000,-1000,1000,0.1,1000,1000,1
hba1c,hba1c,-1000,1000,-1000,1000,-0.1,0.1,1000,0
hba1c,hba1c,-1000,5.7,-1000,5.7,-1000,1000,1000,0
ldl,ldl_ratio,-1000,1,-1000,1.0001,-1000,1000,1000,0
ldl,ldl_ratio,-1000,1000,-1000,1000,-0.1001,0.1001,1000,0
ldl,ldl_ratio,0,1000,-1000,1000,-1000,-0.1001,1000,-1
ldl,ldl_ratio,-1000,1000,1,1000,0.1001,1000,1000,1
bmd,femoral,-1000,1000,-1000,1000,0.03,1000,1000,-29
bmd,femoral,-1000,1000,-1000,1000,-0.03,0.03,1000,0
bmd,femoral,-1000,1000,-1000,1000,-1000,-0.03,1000,29
bmd,lumbosacral,-1000,1000,-1000,1000,0.03,1000,1000,-29
bmd,lumbosacral,-1000,1000,-1000,1000,-0.03,0.03,1000,0
bmd,lumbosacral,-1000,1000,-1000,1000,-1000,-0.03,1000,29
steroid_myopathy,myopathy_severity,2,3,0,1,-2,1000,1000,-63
steroid_myopathy,myopathy_severity,3,4,0,1,-3,1000,1000,-63
steroid_myopathy,myopathy_severity,2,3,1,2,-1,1000,1000,-54
steroid_myopathy,myopathy_severity,3,4,1,2,-2,1000,1000,-54
steroid_myopathy,myopathy_severity,1,2,0,1,-1,1000,1000,-9
steroid_myopathy,myopathy_severity,1,2,1,2,0,1000,1000,0
steroid_myopathy,myopathy_severity,2,3,2,3,0,1000,1000,0
steroid_myopathy,myopathy_severity,3,4,3,4,0,1000,1000,0
steroid_myopathy,myopathy_severity,0,1,0,1,0,1000,1000,0
steroid_myopathy,myopathy_severity,2,3,3,4,1,1000,1000,0
steroid_myopathy,myopathy_severity,3,4,2,3,-1,1000,1000,0
steroid_myopathy,myopathy_severity,0,1,1,2,1,1000,1000,9
steroid_myopathy,myopathy_severity,1,2,2,3,1,1000,1000,54
steroid_myopathy,myopathy_severity,1,2,3,4,2,1000,1000,54
steroid_myopathy,myopathy_severity,0,1,2,3,2,1000,1000,63
steroid_myopathy,myopathy_severity,0,1,3,4,3,1000,1000,63
skin_toxicity,hirsutism,2,3,0,1,-2,1000,1000,-26
skin_toxicity,hirsutism,3,4,0,1,-3,1000,1000,-26
skin_toxicity,hirsutism,2,3,1,2,-1,1000,1000,-18
skin_toxicity,hirsutism,3,4,1,2,-2,1000,1000,-18
skin_toxicity,hirsutism,1,2,0,1,-1,1000,1000,-8
skin_toxicity,hirsutism,1,2,1,2,0,1000,1000,0
skin_toxicity,hirsutism,2,3,2,3,0,1000,1000,0
skin_toxicity,hirsutism,3,4,3,4,0,1000,1000,0
skin_toxicity,hirsutism,0,1,0,1,0,1000,1000,0
skin_toxicity,hirsutism,0,1,1,2,1,1000,1000,8
skin_toxicity,hirsutism,1,2,2,3,1,1000,1000,18
skin_toxicity,hirsutism,1,2,3,4,2,1000,1000,18
skin_toxicity,hirsutism,0,1,2,3,2,1000,1000,26
skin_toxicity,hirsutism,0,1,3,4,3,1000,1000,26
skin_toxicity,acneiform_rash,4,5,0,1,-4,1000,1000,-26
skin_toxicity,acneiform_rash,3,4,0,1,-3,1000,1000,-26
skin_toxicity,acneiform_rash,3,4,1,2,-2,1000,1000,-18
skin_toxicity,acneiform_rash,4,5,1,2,-3,1000,1000,-18
skin_toxicity,acneiform_rash,3,4,2,3,-1,1000,1000,-18
skin_toxicity,acneiform_rash,4,5,2,3,-2,1000,1000,-18
skin_toxicity,acneiform_rash,1,2,0,1,-1,1000,1000,-8
skin_toxicity,acneiform_rash,2,3,0,1,-2,1000,1000,-8
skin_toxicity,acneiform_rash,1,2,1,2,0,1000,1000,0
skin_toxicity,acneiform_rash,2,3,2,3,0,1000,1000,0
skin_toxicity,acneiform_rash,3,4,3,4,0,1000,1000,0
skin_toxicity,acneiform_rash,4,5,4,5,0,1000,1000,0
skin_toxicity,acneiform_rash,0,1,0,1,0,1000,1000,0
skin_toxicity,acneiform_rash,3,4,4,5,1,1000,1000,0
skin_toxicity,acneiform_rash,4,5,3,4,-1,1000,1000,0
skin_toxicity,acneiform_rash,0,1,1,2,1,1000,1000,8
skin_toxicity,acneiform_rash,0,1,2,3,2,1000,1000,8
skin_toxicity,acneiform_rash,1,2,3,4,1,1000,1000,18
skin_toxicity,acneiform_rash,1,2,4,5,2,1000,1000,18
skin_toxicity,acneiform_rash,2,3,3,4,1,1000,1000,18
skin_toxicity,acneiform_rash,2,3,4,5,2,1000,1000,18
skin_toxicity,acneiform_rash,0,1,3,4,2,1000,1000,26
skin_toxicity,acneiform_rash,0,1,4,5,3,1000,1000,26
skin_toxicity,atrophy_striae,2,3,0,1,-2,1000,1000,-26
skin_toxicity,atrophy_striae,3,4,0,1,-3,1000,1000,-26
skin_toxicity,atrophy_striae,2,3,1,2,-1,1000,1000,-18
skin_toxicity,atrophy_striae,3,4,1,2,-2,1000,1000,-18
skin_toxicity,atrophy_striae,1,2,0,1,-1,1000,1000,-8
skin_toxicity,atrophy_striae,1,2,1,2,0,1000,1000,0
skin_toxicity,atrophy_striae,2,3,2,3,0,1000,1000,0
skin_toxicity,atrophy_striae,3,4,3,4,0,1000,1000,0
skin_toxicity,atrophy_striae,0,1,0,1,0,1000,1000,0
skin_toxicity,atrophy_striae,2,3,3,4,1,1000,1000,0
skin_toxicity,atrophy_striae,3,4,2,3,-1,1000,1000,0
skin_toxicity,atrophy_striae,0,1,1,2,1,1000,1000,8
skin_toxicity,atrophy_striae,1,2,2,3,1,1000,1000,18
skin_toxicity,atrophy_striae,1,2,3,4,2,1000,1000,18
skin_toxicity,atrophy_striae,0,1,2,3,2,1000,1000,26
skin_toxicity,atrophy_striae,0,1,3,4,3,1000,1000,26
skin_toxicity,erosion_tear_ulceration,2,3,0,1,-2,1000,1000,-26
skin_toxicity,erosion_tear_ulceration,3,4,0,1,-3,1000,1000,-26
skin_toxicity,erosion_tear_ulceration,2,3,1,2,-1,1000,1000,-18
skin_toxicity,erosion_tear_ulceration,3,4,1,2,-2,1000,1000,-18
skin_toxicity,erosion_tear_ulceration,1,2,0,1,-1,1000,1000,-8
skin_toxicity,erosion_tear_ulceration,1,2,1,2,0,1000,1000,0
skin_toxicity,erosion_tear_ulceration,2,3,2,3,0,1000,1000,0
skin_toxicity,erosion_tear_ulceration,3,4,3,4,0,1000,1000,0
skin_toxicity,erosion_tear_ulceration,0,1,0,1,0,1000,1000,0
skin_toxicity,erosion_tear_ulceration,2,3,3,4,1,1000,1000,0
skin_toxicity,erosion_tear_ulceration,3,4,2,3,-1,1000,1000,0
skin_toxicity,erosion_tear_ulceration,0,1,1,2,1,1000,1000,8
skin_toxicity,erosion_tear_ulceration,1,2,2,3,1,1000,1000,18
skin_toxicity,erosion_tear_ulceration,1,2,3,4,2,1000,1000,18
skin_toxicity,erosion_tear_ulceration,0,1,2,3,2,1000,1000,26
skin_toxicity,erosion_tear_ulceration,0,1,3,4,3,1000,1000,26
skin_toxicity,easy_bruising,2,3,0,1,-2,1000,1000,-26
skin_toxicity,easy_bruising,3,4,0,1,-3,1000,1000,-26
skin_toxicity,easy_bruising,2,3,1,2,-1,1000,1000,-18
skin_toxicity,easy_bruising,3,4,1,2,-2,1000,1000,-18
skin_toxicity,easy_bruising,1,2,0,1,-1,1000,1000,-8
skin_toxicity,easy_bruising,1,2,1,2,0,1000,1000,0
skin_toxicity,easy_bruising,2,3,2,3,0,1000,1000,0
skin_toxicity,easy_bruising,3,4,3,4,0,1000,1000,0
skin_toxicity,easy_bruising,0,1,0,1,0,1000,1000,0
skin_toxicity,easy_bruising,0,1,1,2,1,1000,1000,8
skin_toxicity,easy_bruising,1,2,2,3,1,1000,1000,18
skin_toxicity,easy_bruising,1,2,3,4,2,1000,1000,18
skin_toxicity,easy_bruising,0,1,2,3,2,1000,1000,26
skin_toxicity,easy_bruising,0,1,3,4,3,1000,1000,26
neuropsychiatric,insomnia,2,3,0,1,-2,1000,1000,-74
neuropsychiatric,insomnia,3,4,0,1,-3,1000,1000,-74
neuropsychiatric,insomnia,2,3,1,2,-1,1000,1000,-63
neuropsychiatric,insomnia,3,4,1,2,-2,1000,1000,-63
neuropsychiatric,insomnia,1,2,0,1,-1,1000,1000,-11
neuropsychiatric,insomnia,1,2,1,2,0,1000,1000,0
neuropsychiatric,insomnia,2,3,2,3,0,1000,1000,0
neuropsychiatric,insomnia,3,4,3,4,0,1000,1000,0
neuropsychiatric,insomnia,0,1,0,1,0,1000,1000,0
neuropsychiatric,insomnia,0,1,1,2,1,1000,1000,11
neuropsychiatric,insomnia,1,2,2,3,1,1000,1000,63
neuropsychiatric,insomnia,1,2,3,4,2,1000,1000,63
neuropsychiatric,insomnia,0,1,2,3,2,1000,1000,74
neuropsychiatric,insomnia,0,1,3,4,3,1000,1000,74
neuropsychiatric,mania,2,3,0,1,-2,1000,1000,-74
neuropsychiatric,mania,3,4,0,1,-3,1000,1000,-74
neuropsychiatric,mania,2,3,1,2,-1,1000,1000,-63
neuropsychiatric,mania,3,4,1,2,-2,1000,1000,-63
neuropsychiatric,mania,1,2,0,1,-1,1000,1000,-11
neuropsychiatric,mania,2,3,3,4,1,1000,1000,0
neuropsychiatric,mania,3,4,2,3,-1,1000,1000,0
neuropsychiatric,mania,1,2,1,2,0,1000,1000,0
neuropsychiatric,mania,2,3,2,3,0,1000,1000,0
neuropsychiatric,mania,3,4,3,4,0,1000,1000,0
neuropsychiatric,mania,0,1,0,1,0,1000,1000,0
neuropsychiatric,mania,0,1,1,2,1,1000,1000,11
neuropsychiatric,mania,1,2,2,3,1,1000,1000,63
neuropsychiatric,mania,1,2,3,4,2,1000,1000,63
neuropsychiatric,mania,0,1,2,3,2,1000,1000,74
neuropsychiatric,mania,0,1,3,4,3,1000,1000,74
neuropsychiatric,cognitive_impairment,2,3,0,1,-2,1000,1000,-74
neuropsychiatric,cognitive_impairment,3,4,0,1,-3,1000,1000,-74
neuropsychiatric,cognitive_impairment,2,3,1,2,-1,1000,1000,-63
neuropsychiatric,cognitive_impairment,3,4,1,2,-2,1000,1000,-63
neuropsychiatric,cognitive_impairment,1,2,0,1,-1,1000,1000,-11
neuropsychiatric,cognitive_impairment,1,2,1,2,0,1000,1000,0
neuropsychiatric,cognitive_impairment,2,3,2,3,0,1000,1000,0
neuropsychiatric,cognitive_impairment,3,4,3,4,0,1000,1000,0
neuropsychiatric,cognitive_impairment,0,1,0,1,0,1000,1000,0
neuropsychiatric,cognitive_impairment,2,3,3,4,1,1000,1000,0
neuropsychiatric,cognitive_impairment,3,4,2,3,-1,1000,1000,0
neuropsychiatric,cognitive_impairment,0,1,1,2,1,1000,1000,11
neuropsychiatric,cognitive_impairment,1,2,2,3,1,1000,1000,63
neuropsychiatric,cognitive_impairment,1,2,3,4,2,1000,1000,63
neuropsychiatric,cognitive_impairment,0,1,2,3,2,1000,1000,74
neuropsychiatric,cognitive_impairment,0,1,3,4,3,1000,1000,74
neuropsychiatric,depression,2,3,0,1,-2,1000,1000,-74
neuropsychiatric,depression,3,4,0,1,-3,1000,1000,-74
neuropsychiatric,depression,2,3,1,2,-1,1000,1000,-63
neuropsychiatric,depression,3,4,1,2,-2,1000,1000,-63
neuropsychiatric,depression,1,2,0,1,-1,1000,1000,-11
neuropsychiatric,depression,1,2,1,2,0,1000,1000,0
neuropsychiatric,depression,2,3,2,3,0,1000,1000,0
neuropsychiatric,depression,3,4,3,4,0,1000,1000,0
neuropsychiatric,depression,0,1,0,1,0,1000,1000,0
neuropsychiatric,depression,2,3,3,4,1,1000,1000,0
neuropsychiatric,depression,3,4,2,3,-1,1000,1000,0
neuropsychiatric,depression,0,1,1,2,1,1000,1000,11
neuropsychiatric,depression,1,2,2,3,1,1000,1000,63
neuropsychiatric,depression,1,2,3,4,2,1000,1000,63
neuropsychiatric,depression,0,1,2,3,2,1000,1000,74
neuropsychiatric,depression,0,1,3,4,3,1000,1000,74
neuropsychiatric,psychosis,-1000,1000,-1000,1000,-1,0,1000,-74
neuropsychiatric,psychosis,-1000,1000,-1000,1000,0,1,1000,0
neuropsychiatric,psychosis,-1000,1000,-1000,1000,1,1000,1000,74
neuropsychiatric,steroid_violence,-1000,1000,-1000,1000,-1,0,1000,-74
neuropsychiatric,steroid_violence,-1000,1000,-1000,1000,0,1,1000,0
neuropsychiatric,steroid_violence,-1000,1000,-1000,1000,1,1000,1000,74
infections,candidiasis,-1000,1000,1,1000,-1000,1000,1000,19
infections,candidiasis,-1000,1000,-1000,1,-1000,1000,1000,0
infections,zoster,-1000,1000,1,3,-1000,1000,1000,19
infections,zoster,-1000,1000,3,6,-1000,1000,1000,93
infections,zoster,-1000,1000,-1000,1,-1000,1000,1000,0
infections,grade_3_infection,-1000,1000,1,1000,-1000,1000,1000,93
infections,grade_4_infection,-1000,1000,1,1000,-1000,1000,1000,93
infections,grade_5_infection,-1000,1000,1,1000,-1000,1000,1000,93
infections,grade_3_infection,-1000,1000,-1000,1,-1000,1000,1000,0
infections,grade_4_infection,-1000,1000,-1000,1,-1000,1000,1000,0
infections,grade_5_infection,-1000,1000,-1000,1,-1000,1000,1000,0